Year,Month,Average Co2 (ppm),Increment,R,G,B,X1,Y1,X2,Y2,X3,Y3 ,,,
1980,1,337.9,0.44,0,255,255,100,275,90,260,110,260,,SOURCE,ftp://aftp.cmdl.noaa.gov/products/trends/co2/co2_weekly_mlo.txt
1980,2,338.34,1.67,0,255,253.504,100.862069,275,90.86206897,260,110.862069,260,,,
1980,3,340.01,0.92,0,255,247.826,101.7241379,275,91.72413793,260,111.7241379,260,,,
1980,4,340.93,0.55,0,255,244.698,102.5862069,275,92.5862069,260,112.5862069,260,,,
1980,5,341.48,-0.15,0,255,242.828,103.4482759,275,93.44827586,260,113.4482759,260,,,
1980,6,341.33,-1.93,0,255,243.338,104.3103448,275,94.31034483,260,114.3103448,260,,,
1980,7,339.4,-1.7,0,255,249.9,105.1724138,275,95.17241379,260,115.1724138,260,,,
1980,8,337.7,-1.51,0,255,255.68,106.0344828,275,96.03448276,260,116.0344828,260,,,
1980,9,336.19,-0.04,0,255,260.814,106.8965517,275,96.89655172,260,116.8965517,260,,,
1980,10,336.15,1.12,0,255,260.95,107.7586207,275,97.75862069,260,117.7586207,260,,,
1980,11,337.27,1.05,0,255,257.142,108.6206897,275,98.62068966,260,118.6206897,260,,,
1980,12,338.32,0.97,0,255,253.572,109.4827586,275,99.48275862,260,119.4827586,260,,,
1981,1,339.29,1.26,0,255,250.274,110.3448276,275,100.3448276,260,120.3448276,260,,,
1981,2,340.55,1.06,0,255,245.99,111.2068966,275,101.2068966,260,121.2068966,260,,,
1981,3,341.61,0.92,0,255,242.386,112.0689655,275,102.0689655,260,122.0689655,260,,,
1981,4,342.53,0.5,0,255,239.258,112.9310345,275,102.9310345,260,122.9310345,260,,,
1981,5,343.03,-0.49,0,255,237.558,113.7931034,275,103.7931034,260,123.7931034,260,,,
1981,6,342.54,-1.76,0,255,239.224,114.6551724,275,104.6551724,260,124.6551724,260,,,
1981,7,340.78,-2.34,0,255,245.208,115.5172414,275,105.5172414,260,125.5172414,260,,,
1981,8,338.44,-1.49,0,255,253.164,116.3793103,275,106.3793103,260,126.3793103,260,,,
1981,9,336.95,0.13,0,255,258.23,117.2413793,275,107.2413793,260,127.2413793,260,,,
1981,10,337.08,1.5,0,255,257.788,118.1034483,275,108.1034483,260,128.1034483,260,,,
1981,11,338.58,1.3,0,255,252.688,118.9655172,275,108.9655172,260,128.9655172,260,,,
1981,12,339.88,1.08,0,255,248.268,119.8275862,275,109.8275862,260,129.8275862,260,,,
1982,1,340.96,0.77,0,255,244.596,120.6896552,275,110.6896552,260,130.6896552,260,,,
1982,2,341.73,1.08,0,255,241.978,121.5517241,275,111.5517241,260,131.5517241,260,,,
1982,3,342.81,1.16,0,255,238.306,122.4137931,275,112.4137931,260,132.4137931,260,,,
1982,4,343.97,0.66,0,255,234.362,123.2758621,275,113.2758621,260,133.2758621,260,,,
1982,5,344.63,-0.84,0,255,232.118,124.137931,275,114.137931,260,134.137931,260,,,
1982,6,343.79,-1.47,0,255,234.974,125,275,115,260,135,260,,,
1982,7,342.32,-2.23,0,255,239.972,125.862069,275,115.862069,260,135.862069,260,,,
1982,8,340.09,-1.81,0,255,247.554,126.7241379,275,116.7241379,260,136.7241379,260,,,
1982,9,338.28,0.01,0,255,253.708,127.5862069,275,117.5862069,260,137.5862069,260,,,
1982,10,338.29,1.31,0,255,253.674,128.4482759,275,118.4482759,260,138.4482759,260,,,
1982,11,339.6,1.3,0,255,249.22,129.3103448,275,119.3103448,260,139.3103448,260,,,
1982,12,340.9,0.78,0,255,244.8,130.1724138,275,120.1724138,260,140.1724138,260,,,
1983,1,341.68,1.22,0,255,242.148,131.0344828,275,121.0344828,260,141.0344828,260,,,
1983,2,342.9,0.43,0,255,238,131.8965517,275,121.8965517,260,141.8965517,260,,,
1983,3,343.33,1.92,0,255,236.538,132.7586207,275,122.7586207,260,142.7586207,260,,,
1983,4,345.25,0.78,0,255,230.01,133.6206897,275,123.6206897,260,143.6206897,260,,,
1983,5,346.03,-0.4,0,255,227.358,134.4827586,275,124.4827586,260,144.4827586,260,,,
1983,6,345.63,-1.44,0,255,228.718,135.3448276,275,125.3448276,260,145.3448276,260,,,
1983,7,344.19,-1.92,0,255,233.614,136.2068966,275,126.2068966,260,146.2068966,260,,,
1983,8,342.27,-1.92,0,255,240.142,137.0689655,275,127.0689655,260,147.0689655,260,,,
1983,9,340.35,0.03,0,255,246.67,137.9310345,275,127.9310345,260,147.9310345,260,,,
1983,10,340.38,1.21,0,255,246.568,138.7931034,275,128.7931034,260,148.7931034,260,,,
1983,11,341.59,1.46,0,255,242.454,139.6551724,275,129.6551724,260,149.6551724,260,,,
1983,12,343.05,1.05,0,255,237.49,140.5172414,275,130.5172414,260,150.5172414,260,,,
1984,1,344.1,0.69,0,255,233.92,141.3793103,275,131.3793103,260,151.3793103,260,,,
1984,2,344.79,0.73,0,255,231.574,142.2413793,275,132.2413793,260,152.2413793,260,,,
1984,3,345.52,-445.51,0,255,229.092,143.1034483,275,133.1034483,260,153.1034483,260,,,
1984,4,-99.99,447.62,0,255,1743.826,143.9655172,275,133.9655172,260,153.9655172,260,,,
1984,5,347.63,-0.66,0,255,221.918,144.8275862,275,134.8275862,260,154.8275862,260,,,
1984,6,346.97,-1.44,0,255,224.162,145.6896552,275,135.6896552,260,155.6896552,260,,,
1984,7,345.53,-1.98,0,255,229.058,146.5517241,275,136.5517241,260,156.5517241,260,,,
1984,8,343.55,-2.15,0,255,235.79,147.4137931,275,137.4137931,260,157.4137931,260,,,
1984,9,341.4,0.27,0,255,243.1,148.2758621,275,138.2758621,260,158.2758621,260,,,
1984,10,341.67,1.43,0,255,242.182,149.137931,275,139.137931,260,159.137931,260,,,
1984,11,343.1,1.6,0,255,237.32,150,275,140,260,160,260,,,
1984,12,344.7,0.51,0,255,231.88,150.862069,275,140.862069,260,160.862069,260,,,
1985,1,345.21,0.95,0,255,230.146,151.7241379,275,141.7241379,260,161.7241379,260,,,
1985,2,346.16,1.58,0,255,226.916,152.5862069,275,142.5862069,260,162.5862069,260,,,
1985,3,347.74,0.6,0,255,221.544,153.4482759,275,143.4482759,260,163.4482759,260,,,
1985,4,348.34,0.72,0,255,219.504,154.3103448,275,144.3103448,260,164.3103448,260,,,
1985,5,349.06,-0.68,0,255,217.056,155.1724138,275,145.1724138,260,165.1724138,260,,,
1985,6,348.38,-1.66,0,255,219.368,156.0344828,275,146.0344828,260,166.0344828,260,,,
1985,7,346.72,-1.7,0,255,225.012,156.8965517,275,146.8965517,260,166.8965517,260,,,
1985,8,345.02,-1.75,0,255,230.792,157.7586207,275,147.7586207,260,167.7586207,260,,,
1985,9,343.27,-0.14,0,255,236.742,158.6206897,275,148.6206897,260,168.6206897,260,,,
1985,10,343.13,1.36,0,255,237.218,159.4827586,275,149.4827586,260,169.4827586,260,,,
1985,11,344.49,1.39,0,255,232.594,160.3448276,275,150.3448276,260,170.3448276,260,,,
1985,12,345.88,0.68,0,255,227.868,161.2068966,275,151.2068966,260,171.2068966,260,,,
1986,1,346.56,0.72,0,255,225.556,162.0689655,275,152.0689655,260,172.0689655,260,,,
1986,2,347.28,0.73,0,255,223.108,162.9310345,275,152.9310345,260,172.9310345,260,,,
1986,3,348.01,1.76,0,255,220.626,163.7931034,275,153.7931034,260,173.7931034,260,,,
1986,4,349.77,0.61,0,255,214.642,164.6551724,275,154.6551724,260,174.6551724,260,,,
1986,5,350.38,-0.45,0,255,212.568,165.5172414,275,155.5172414,260,175.5172414,260,,,
1986,6,349.93,-1.77,0,255,214.098,166.3793103,275,156.3793103,260,176.3793103,260,,,
1986,7,348.16,-2.08,0,255,220.116,167.2413793,275,157.2413793,260,177.2413793,260,,,
1986,8,346.08,-0.86,0,255,227.188,168.1034483,275,158.1034483,260,178.1034483,260,,,
1986,9,345.22,-0.71,0,255,230.112,168.9655172,275,158.9655172,260,178.9655172,260,,,
1986,10,344.51,1.42,0,255,232.526,169.8275862,275,159.8275862,260,179.8275862,260,,,
1986,11,345.93,1.29,0,255,227.698,170.6896552,275,160.6896552,260,180.6896552,260,,,
1986,12,347.22,1.3,0,255,223.312,171.5517241,275,161.5517241,260,181.5517241,260,,,
1987,1,348.52,0.21,0,255,218.892,172.4137931,275,162.4137931,260,182.4137931,260,,,
1987,2,348.73,1,0,255,218.178,173.2758621,275,163.2758621,260,183.2758621,260,,,
1987,3,349.73,1.58,0,255,214.778,174.137931,275,164.137931,260,184.137931,260,,,
1987,4,351.31,0.78,0,255,209.406,175,275,165,260,185,260,,,
1987,5,352.09,-0.56,0,255,206.754,175.862069,275,165.862069,260,185.862069,260,,,
1987,6,351.53,-1.42,0,255,208.658,176.7241379,275,166.7241379,260,186.7241379,260,,,
1987,7,350.11,-2.03,0,255,213.486,177.5862069,275,167.5862069,260,187.5862069,260,,,
1987,8,348.08,-1.56,0,255,220.388,178.4482759,275,168.4482759,260,188.4482759,260,,,
1987,9,346.52,0.07,0,255,225.692,179.3103448,275,169.3103448,260,189.3103448,260,,,
1987,10,346.59,1.37,0,255,225.454,180.1724138,275,170.1724138,260,190.1724138,260,,,
1987,11,347.96,1.2,0,255,220.796,181.0344828,275,171.0344828,260,191.0344828,260,,,
1987,12,349.16,1.23,0,255,216.716,181.8965517,275,171.8965517,260,191.8965517,260,,,
1988,1,350.39,1.25,0,255,212.534,182.7586207,275,172.7586207,260,192.7586207,260,,,
1988,2,351.64,0.77,0,255,208.284,183.6206897,275,173.6206897,260,193.6206897,260,,,
1988,3,352.41,1.28,0,255,205.666,184.4827586,275,174.4827586,260,194.4827586,260,,,
1988,4,353.69,0.52,0,255,201.314,185.3448276,275,175.3448276,260,195.3448276,260,,,
1988,5,354.21,-0.49,0,255,199.546,186.2068966,275,176.2068966,260,196.2068966,260,,,
1988,6,353.72,-1.03,0,255,201.212,187.0689655,275,177.0689655,260,197.0689655,260,,,
1988,7,352.69,-2.29,0,255,204.714,187.9310345,275,177.9310345,260,197.9310345,260,,,
1988,8,350.4,-1.48,0,255,212.5,188.7931034,275,178.7931034,260,198.7931034,260,,,
1988,9,348.92,0.21,0,255,217.532,189.6551724,275,179.6551724,260,199.6551724,260,,,
1988,10,349.13,1.07,0,255,216.818,190.5172414,275,180.5172414,260,200.5172414,260,,,
1988,11,350.2,1.21,0,255,213.18,191.3793103,275,181.3793103,260,201.3793103,260,,,
1988,12,351.41,1.5,0,255,209.066,192.2413793,275,182.2413793,260,202.2413793,260,,,
1989,1,352.91,0.36,0,255,203.966,193.1034483,275,183.1034483,260,203.1034483,260,,,
1989,2,353.27,0.69,0,255,202.742,193.9655172,275,183.9655172,260,203.9655172,260,,,
1989,3,353.96,1.68,0,255,200.396,194.8275862,275,184.8275862,260,204.8275862,260,,,
1989,4,355.64,0.22,0,255,194.684,195.6896552,275,185.6896552,260,205.6896552,260,,,
1989,5,355.86,-0.49,0,255,193.936,196.5517241,275,186.5517241,260,206.5517241,260,,,
1989,6,355.37,-1.38,0,255,195.602,197.4137931,275,187.4137931,260,207.4137931,260,,,
1989,7,353.99,-2.18,0,255,200.294,198.2758621,275,188.2758621,260,208.2758621,260,,,
1989,8,351.81,-1.76,0,255,207.706,199.137931,275,189.137931,260,209.137931,260,,,
1989,9,350.05,0.2,0,255,213.69,200,275,190,260,210,260,,,
1989,10,350.25,1.24,0,255,213.01,200.862069,275,190.862069,260,210.862069,260,,,
1989,11,351.49,1.36,0,255,208.794,201.7241379,275,191.7241379,260,211.7241379,260,,,
1989,12,352.85,0.95,0,255,204.17,202.5862069,275,192.5862069,260,212.5862069,260,,,
1990,1,353.8,1.24,0,255,200.94,203.4482759,275,193.4482759,260,213.4482759,260,,,
1990,2,355.04,0.69,0,255,196.724,204.3103448,275,194.3103448,260,214.3103448,260,,,
1990,3,355.73,0.59,0,255,194.378,205.1724138,275,195.1724138,260,215.1724138,260,,,
1990,4,356.32,1,0,255,192.372,206.0344828,275,196.0344828,260,216.0344828,260,,,
1990,5,357.32,-0.98,0,255,188.972,206.8965517,275,196.8965517,260,216.8965517,260,,,
1990,6,356.34,-1.5,0,255,192.304,207.7586207,275,197.7586207,260,217.7586207,260,,,
1990,7,354.84,-1.83,0,255,197.404,208.6206897,275,198.6206897,260,218.6206897,260,,,
1990,8,353.01,-1.7,0,255,203.626,209.4827586,275,199.4827586,260,219.4827586,260,,,
1990,9,351.31,0.31,0,255,209.406,210.3448276,275,200.3448276,260,220.3448276,260,,,
1990,10,351.62,1.45,0,255,208.352,211.2068966,275,201.2068966,260,221.2068966,260,,,
1990,11,353.07,1.26,0,255,203.422,212.0689655,275,202.0689655,260,222.0689655,260,,,
1990,12,354.33,0.51,0,255,199.138,212.9310345,275,202.9310345,260,222.9310345,260,,,
1991,1,354.84,0.89,0,255,197.404,213.7931034,275,203.7931034,260,223.7931034,260,,,
1991,2,355.73,1.5,0,255,194.378,214.6551724,275,204.6551724,260,224.6551724,260,,,
1991,3,357.23,1.43,0,255,189.278,215.5172414,275,205.5172414,260,225.5172414,260,,,
1991,4,358.66,0.47,0,255,184.416,216.3793103,275,206.3793103,260,226.3793103,260,,,
1991,5,359.13,-1,0,255,182.818,217.2413793,275,207.2413793,260,227.2413793,260,,,
1991,6,358.13,-1.94,0,255,186.218,218.1034483,275,208.1034483,260,228.1034483,260,,,
1991,7,356.19,-2.34,0,255,192.814,218.9655172,275,208.9655172,260,228.9655172,260,,,
1991,8,353.85,-1.6,0,255,200.77,219.8275862,275,209.8275862,260,229.8275862,260,,,
1991,9,352.25,0.1,0,255,206.21,220.6896552,275,210.6896552,260,230.6896552,260,,,
1991,10,352.35,1.46,0,255,205.87,221.5517241,275,211.5517241,260,231.5517241,260,,,
1991,11,353.81,1.31,0,255,200.906,222.4137931,275,212.4137931,260,232.4137931,260,,,
1991,12,355.12,1.13,0,255,196.452,223.2758621,275,213.2758621,260,233.2758621,260,,,
1992,1,356.25,0.86,0,255,192.61,224.137931,275,214.137931,260,234.137931,260,,,
1992,2,357.11,0.75,0,255,189.686,225,275,215,260,235,260,,,
1992,3,357.86,1.23,0,255,187.136,225.862069,275,215.862069,260,235.862069,260,,,
1992,4,359.09,0.5,0,255,182.954,226.7241379,275,216.7241379,260,236.7241379,260,,,
1992,5,359.59,-0.26,0,255,181.254,227.5862069,275,217.5862069,260,237.5862069,260,,,
1992,6,359.33,-2.32,0,255,182.138,228.4482759,275,218.4482759,260,238.4482759,260,,,
1992,7,357.01,-2.07,0,255,190.026,229.3103448,275,219.3103448,260,239.3103448,260,,,
1992,8,354.94,-1.98,0,255,197.064,230.1724138,275,220.1724138,260,240.1724138,260,,,
1992,9,352.96,0.36,0,255,203.796,231.0344828,275,221.0344828,260,241.0344828,260,,,
1992,10,353.32,1,0,255,202.572,231.8965517,275,221.8965517,260,241.8965517,260,,,
1992,11,354.32,1.25,0,255,199.172,232.7586207,275,222.7586207,260,242.7586207,260,,,
1992,12,355.57,1.43,0,255,194.922,233.6206897,275,223.6206897,260,243.6206897,260,,,
1993,1,357,0.31,0,255,190.06,234.4827586,275,224.4827586,260,244.4827586,260,,,
1993,2,357.31,1.16,0,255,189.006,235.3448276,275,225.3448276,260,245.3448276,260,,,
1993,3,358.47,0.8,0,255,185.062,236.2068966,275,226.2068966,260,246.2068966,260,,,
1993,4,359.27,0.92,0,255,182.342,237.0689655,275,227.0689655,260,247.0689655,260,,,
1993,5,360.19,-0.67,0,255,179.214,237.9310345,275,227.9310345,260,247.9310345,260,,,
1993,6,359.52,-2.19,0,255,181.492,238.7931034,275,228.7931034,260,248.7931034,260,,,
1993,7,357.33,-1.69,0,255,188.938,239.6551724,275,229.6551724,260,249.6551724,260,,,
1993,8,355.64,-1.61,0,255,194.684,240.5172414,275,230.5172414,260,250.5172414,260,,,
1993,9,354.03,0.09,0,255,200.158,241.3793103,275,231.3793103,260,251.3793103,260,,,
1993,10,354.12,1.29,0,255,199.852,242.2413793,275,232.2413793,260,252.2413793,260,,,
1993,11,355.41,1.5,0,255,195.466,243.1034483,275,233.1034483,260,253.1034483,260,,,
1993,12,356.91,1.33,0,255,190.366,243.9655172,275,233.9655172,260,253.9655172,260,,,
1994,1,358.24,0.68,0,255,185.844,244.8275862,275,234.8275862,260,254.8275862,260,,,
1994,2,358.92,1.07,0,255,183.532,245.6896552,275,235.6896552,260,255.6896552,260,,,
1994,3,359.99,1.24,0,255,179.894,246.5517241,275,236.5517241,260,256.5517241,260,,,
1994,4,361.23,0.42,0,255,175.678,247.4137931,275,237.4137931,260,257.4137931,260,,,
1994,5,361.65,-0.84,0,255,174.25,248.2758621,275,238.2758621,260,258.2758621,260,,,
1994,6,360.81,-1.43,0,255,177.106,249.137931,275,239.137931,260,259.137931,260,,,
1994,7,359.38,-1.92,0,255,181.968,250,275,240,260,260,260,,,
1994,8,357.46,-1.73,0,255,188.496,250.862069,275,240.862069,260,260.862069,260,,,
1994,9,355.73,0.34,0,255,194.378,251.7241379,275,241.7241379,260,261.7241379,260,,,
1994,10,356.07,1.46,0,255,193.222,252.5862069,275,242.5862069,260,262.5862069,260,,,
1994,11,357.53,1.45,0,255,188.258,253.4482759,275,243.4482759,260,263.4482759,260,,,
1994,12,358.98,0.94,0,255,183.328,254.3103448,275,244.3103448,260,264.3103448,260,,,
1995,1,359.92,0.94,0,255,180.132,255.1724138,275,245.1724138,260,265.1724138,260,,,
1995,2,360.86,0.97,0,255,176.936,256.0344828,275,246.0344828,260,266.0344828,260,,,
1995,3,361.83,1.47,0,255,173.638,256.8965517,275,246.8965517,260,266.8965517,260,,,
1995,4,363.3,0.39,0,255,168.64,257.7586207,275,247.7586207,260,267.7586207,260,,,
1995,5,363.69,-0.5,0,255,167.314,258.6206897,275,248.6206897,260,268.6206897,260,,,
1995,6,363.19,-1.55,0,255,169.014,259.4827586,275,249.4827586,260,269.4827586,260,,,
1995,7,361.64,-2.52,0,255,174.284,260.3448276,275,250.3448276,260,270.3448276,260,,,
1995,8,359.12,-0.95,0,255,182.852,261.2068966,275,251.2068966,260,271.2068966,260,,,
1995,9,358.17,-0.18,0,255,186.082,262.0689655,275,252.0689655,260,272.0689655,260,,,
1995,10,357.99,1.46,0,255,186.694,262.9310345,275,252.9310345,260,272.9310345,260,,,
1995,11,359.45,1.23,0,255,181.73,263.7931034,275,253.7931034,260,273.7931034,260,,,
1995,12,360.68,1.39,0,255,177.548,264.6551724,275,254.6551724,260,274.6551724,260,,,
1996,1,362.07,1.17,0,255,172.822,265.5172414,275,255.5172414,260,275.5172414,260,,,
1996,2,363.24,0.93,0,255,168.844,266.3793103,275,256.3793103,260,276.3793103,260,,,
1996,3,364.17,0.4,0,255,165.682,267.2413793,275,257.2413793,260,277.2413793,260,,,
1996,4,364.57,0.56,0,255,164.322,268.1034483,275,258.1034483,260,278.1034483,260,,,
1996,5,365.13,-0.21,0,255,162.418,268.9655172,275,258.9655172,260,278.9655172,260,,,
1996,6,364.92,-1.37,0,255,163.132,269.8275862,275,259.8275862,260,279.8275862,260,,,
1996,7,363.55,-2.17,0,255,167.79,270.6896552,275,260.6896552,260,280.6896552,260,,,
1996,8,361.38,-1.84,0,255,175.168,271.5517241,275,261.5517241,260,281.5517241,260,,,
1996,9,359.54,0.04,0,255,181.424,272.4137931,275,262.4137931,260,282.4137931,260,,,
1996,10,359.58,1.31,0,255,181.288,273.2758621,275,263.2758621,260,283.2758621,260,,,
1996,11,360.89,1.35,0,255,176.834,274.137931,275,264.137931,260,284.137931,260,,,
1996,12,362.24,0.85,0,255,172.244,275,275,265,260,285,260,,,
1997,1,363.09,0.94,0,255,169.354,275.862069,275,265.862069,260,285.862069,260,,,
1997,2,364.03,0.48,0,255,166.158,276.7241379,275,266.7241379,260,286.7241379,260,,,
1997,3,364.51,1.84,0,255,164.526,277.5862069,275,267.5862069,260,287.5862069,260,,,
1997,4,366.35,0.29,0,255,158.27,278.4482759,275,268.4482759,260,288.4482759,260,,,
1997,5,366.64,-1.05,0,255,157.284,279.3103448,275,269.3103448,260,289.3103448,260,,,
1997,6,365.59,-1.28,0,255,160.854,280.1724138,275,270.1724138,260,290.1724138,260,,,
1997,7,364.31,-2.06,0,255,165.206,281.0344828,275,271.0344828,260,291.0344828,260,,,
1997,8,362.25,-1.96,0,255,172.21,281.8965517,275,271.8965517,260,291.8965517,260,,,
1997,9,360.29,0.53,0,255,178.874,282.7586207,275,272.7586207,260,292.7586207,260,,,
1997,10,360.82,1.67,0,255,177.072,283.6206897,275,273.6206897,260,293.6206897,260,,,
1997,11,362.49,1.89,0,255,171.394,284.4827586,275,274.4827586,260,294.4827586,260,,,
1997,12,364.38,0.88,0,255,164.968,285.3448276,275,275.3448276,260,295.3448276,260,,,
1998,1,365.26,0.72,0,255,161.976,286.2068966,275,276.2068966,260,296.2068966,260,,,
1998,2,365.98,1.26,0,255,159.528,287.0689655,275,277.0689655,260,297.0689655,260,,,
1998,3,367.24,1.42,0,255,155.244,287.9310345,275,277.9310345,260,297.9310345,260,,,
1998,4,368.66,0.76,0,255,150.416,288.7931034,275,278.7931034,260,298.7931034,260,,,
1998,5,369.42,-0.43,0,255,147.832,289.6551724,275,279.6551724,260,299.6551724,260,,,
1998,6,368.99,-1.17,0,255,149.294,290.5172414,275,280.5172414,260,300.5172414,260,,,
1998,7,367.82,-1.87,0,255,153.272,291.3793103,275,281.3793103,260,301.3793103,260,,,
1998,8,365.95,-1.93,0,255,159.63,292.2413793,275,282.2413793,260,302.2413793,260,,,
1998,9,364.02,0.38,0,255,166.192,293.1034483,275,283.1034483,260,303.1034483,260,,,
1998,10,364.4,1.12,0,255,164.9,293.9655172,275,283.9655172,260,303.9655172,260,,,
1998,11,365.52,1.61,0,255,161.092,294.8275862,275,284.8275862,260,304.8275862,260,,,
1998,12,367.13,1.05,0,255,155.618,295.6896552,275,285.6896552,260,305.6896552,260,,,
1999,1,368.18,0.89,0,255,152.048,296.5517241,275,286.5517241,260,306.5517241,260,,,
1999,2,369.07,0.61,0,255,149.022,297.4137931,275,287.4137931,260,307.4137931,260,,,
1999,3,369.68,1.31,0,255,146.948,298.2758621,275,288.2758621,260,308.2758621,260,,,
1999,4,370.99,-0.03,0,255,142.494,299.137931,275,289.137931,260,309.137931,260,,,
1999,5,370.96,-0.66,0,255,142.596,300,275,290,260,310,260,,,
1999,6,370.3,-0.85,0,255,144.84,300.862069,275,290.862069,260,310.862069,260,,,
1999,7,369.45,-2.55,0,255,147.73,301.7241379,275,291.7241379,260,311.7241379,260,,,
1999,8,366.9,-2.09,0,255,156.4,302.5862069,275,292.5862069,260,312.5862069,260,,,
1999,9,364.81,0.56,0,255,163.506,303.4482759,275,293.4482759,260,313.4482759,260,,,
1999,10,365.37,1.35,0,255,161.602,304.3103448,275,294.3103448,260,314.3103448,260,,,
1999,11,366.72,1.38,0,255,157.012,305.1724138,275,295.1724138,260,315.1724138,260,,,
1999,12,368.1,1.19,0,255,152.32,306.0344828,275,296.0344828,260,316.0344828,260,,,
2000,1,369.29,0.25,0,255,148.274,306.8965517,275,296.8965517,260,316.8965517,260,,,
2000,2,369.54,1.06,0,255,147.424,307.7586207,275,297.7586207,260,317.7586207,260,,,
2000,3,370.6,1.22,0,255,143.82,308.6206897,275,298.6206897,260,318.6206897,260,,,
2000,4,371.82,-0.24,0,255,139.672,309.4827586,275,299.4827586,260,319.4827586,260,,,
2000,5,371.58,0.12,0,255,140.488,310.3448276,275,300.3448276,260,320.3448276,260,,,
2000,6,371.7,-1.84,0,255,140.08,311.2068966,275,301.2068966,260,321.2068966,260,,,
2000,7,369.86,-1.73,0,255,146.336,312.0689655,275,302.0689655,260,322.0689655,260,,,
2000,8,368.13,-1.13,0,255,152.218,312.9310345,275,302.9310345,260,322.9310345,260,,,
2000,9,367,0.03,0,255,156.06,313.7931034,275,303.7931034,260,323.7931034,260,,,
2000,10,367.03,1.34,0,255,155.958,314.6551724,275,304.6551724,260,324.6551724,260,,,
2000,11,368.37,1.3,0,255,151.402,315.5172414,275,305.5172414,260,325.5172414,260,,,
2000,12,369.67,0.92,0,255,146.982,316.3793103,275,306.3793103,260,326.3793103,260,,,
2001,1,370.59,0.92,0,255,143.854,317.2413793,275,307.2413793,260,327.2413793,260,,,
2001,2,371.51,0.92,0,255,140.726,318.1034483,275,308.1034483,260,328.1034483,260,,,
2001,3,372.43,0.94,0,255,137.598,318.9655172,275,308.9655172,260,328.9655172,260,,,
2001,4,373.37,0.48,0,255,134.402,319.8275862,275,309.8275862,260,329.8275862,260,,,
2001,5,373.85,-0.64,0,255,132.77,320.6896552,275,310.6896552,260,330.6896552,260,,,
2001,6,373.21,-1.7,0,255,134.946,321.5517241,275,311.5517241,260,331.5517241,260,,,
2001,7,371.51,-1.9,0,255,140.726,322.4137931,275,312.4137931,260,332.4137931,260,,,
2001,8,369.61,-1.43,0,255,147.186,323.2758621,275,313.2758621,260,333.2758621,260,,,
2001,9,368.18,0.27,0,255,152.048,324.137931,275,314.137931,260,334.137931,260,,,
2001,10,368.45,1.31,0,255,151.13,325,275,315,260,335,260,,,
2001,11,369.76,1.48,0,255,146.676,325.862069,275,315.862069,260,335.862069,260,,,
2001,12,371.24,1.29,0,255,141.644,326.7241379,275,316.7241379,260,336.7241379,260,,,
2002,1,372.53,0.67,0,255,137.258,327.5862069,275,317.5862069,260,337.5862069,260,,,
2002,2,373.2,0.92,0,255,134.98,328.4482759,275,318.4482759,260,338.4482759,260,,,
2002,3,374.12,0.9,0,255,131.852,329.3103448,275,319.3103448,260,339.3103448,260,,,
2002,4,375.02,0.74,0,255,128.792,330.1724138,275,320.1724138,260,340.1724138,260,,,
2002,5,375.76,-0.24,0,255,126.276,331.0344828,275,321.0344828,260,341.0344828,260,,,
2002,6,375.52,-1.51,0,255,127.092,331.8965517,275,321.8965517,260,341.8965517,260,,,
2002,7,374.01,-2.16,0,255,132.226,332.7586207,275,322.7586207,260,342.7586207,260,,,
2002,8,371.85,-1.1,0,255,139.57,333.6206897,275,323.6206897,260,343.6206897,260,,,
2002,9,370.75,-0.2,0,255,143.31,334.4827586,275,324.4827586,260,344.4827586,260,,,
2002,10,370.55,1.7,0,255,143.99,335.3448276,275,325.3448276,260,345.3448276,260,,,
2002,11,372.25,1.54,0,255,138.21,336.2068966,275,326.2068966,260,346.2068966,260,,,
2002,12,373.79,1.09,0,255,132.974,337.0689655,275,327.0689655,260,347.0689655,260,,,
2003,1,374.88,0.76,0,255,129.268,337.9310345,275,327.9310345,260,347.9310345,260,,,
2003,2,375.64,0.81,0,255,126.684,338.7931034,275,328.7931034,260,348.7931034,260,,,
2003,3,376.45,1.28,0,255,123.93,339.6551724,275,329.6551724,260,349.6551724,260,,,
2003,4,377.73,0.87,0,255,119.578,340.5172414,275,330.5172414,260,350.5172414,260,,,
2003,5,378.6,-0.32,0,255,116.62,341.3793103,275,331.3793103,260,351.3793103,260,,,
2003,6,378.28,-1.58,0,255,117.708,342.2413793,275,332.2413793,260,352.2413793,260,,,
2003,7,376.7,-2.32,0,255,123.08,343.1034483,275,333.1034483,260,353.1034483,260,,,
2003,8,374.38,-1.21,0,255,130.968,343.9655172,275,333.9655172,260,353.9655172,260,,,
2003,9,373.17,-0.03,0,255,135.082,344.8275862,275,334.8275862,260,354.8275862,260,,,
2003,10,373.14,1.52,0,255,135.184,345.6896552,275,335.6896552,260,355.6896552,260,,,
2003,11,374.66,1.33,0,255,130.016,346.5517241,275,336.5517241,260,356.5517241,260,,,
2003,12,375.99,1.01,0,255,125.494,347.4137931,275,337.4137931,260,357.4137931,260,,,
2004,1,377,0.87,0,255,122.06,348.2758621,275,338.2758621,260,358.2758621,260,,,
2004,2,377.87,1.01,0,255,119.102,349.137931,275,339.137931,260,359.137931,260,,,
2004,3,378.88,1.47,0,255,115.668,350,275,340,260,360,260,,,
2004,4,380.35,0.27,0,255,110.67,350.862069,275,340.862069,260,360.862069,260,,,
2004,5,380.62,-0.93,0,255,109.752,351.7241379,275,341.7241379,260,361.7241379,260,,,
2004,6,379.69,-2.22,0,255,112.914,352.5862069,275,342.5862069,260,362.5862069,260,,,
2004,7,377.47,-1.46,0,255,120.462,353.4482759,275,343.4482759,260,363.4482759,260,,,
2004,8,376.01,-1.76,0,255,125.426,354.3103448,275,344.3103448,260,364.3103448,260,,,
2004,9,374.25,0.21,0,255,131.41,355.1724138,275,345.1724138,260,365.1724138,260,,,
2004,10,374.46,1.7,0,255,130.696,356.0344828,275,346.0344828,260,366.0344828,260,,,
2004,11,376.16,1.35,0,255,124.916,356.8965517,275,346.8965517,260,366.8965517,260,,,
2004,12,377.51,0.95,0,255,120.326,357.7586207,275,347.7586207,260,367.7586207,260,,,
2005,1,378.46,1.27,0,255,117.096,358.6206897,275,348.6206897,260,368.6206897,260,,,
2005,2,379.73,1.04,0,255,112.778,359.4827586,275,349.4827586,260,369.4827586,260,,,
2005,3,380.77,1.52,0,255,109.242,360.3448276,275,350.3448276,260,370.3448276,260,,,
2005,4,382.29,0.16,0,255,104.074,361.2068966,275,351.2068966,260,371.2068966,260,,,
2005,5,382.45,-0.24,0,255,103.53,362.0689655,275,352.0689655,260,372.0689655,260,,,
2005,6,382.21,-1.47,0,255,104.346,362.9310345,275,352.9310345,260,372.9310345,260,,,
2005,7,380.74,-2,0,255,109.344,363.7931034,275,353.7931034,260,373.7931034,260,,,
2005,8,378.74,-2.04,0,255,116.144,364.6551724,275,354.6551724,260,374.6551724,260,,,
2005,9,376.7,0.3,0,255,123.08,365.5172414,275,355.5172414,260,375.5172414,260,,,
2005,10,377,1.35,0,255,122.06,366.3793103,275,356.3793103,260,376.3793103,260,,,
2005,11,378.35,1.76,0,255,117.47,367.2413793,275,357.2413793,260,377.2413793,260,,,
2005,12,380.11,1.27,0,255,111.486,368.1034483,275,358.1034483,260,378.1034483,260,,,
2006,1,381.38,0.81,0,255,107.168,368.9655172,275,358.9655172,260,378.9655172,260,,,
2006,2,382.19,0.48,0,255,104.414,369.8275862,275,359.8275862,260,379.8275862,260,,,
2006,3,382.67,1.94,0,255,102.782,370.6896552,275,360.6896552,260,380.6896552,260,,,
2006,4,384.61,0.42,0,255,96.186,371.5517241,275,361.5517241,260,381.5517241,260,,,
2006,5,385.03,-0.98,0,255,94.758,372.4137931,275,362.4137931,260,382.4137931,260,,,
2006,6,384.05,-1.59,0,255,98.09,373.2758621,275,363.2758621,260,383.2758621,260,,,
2006,7,382.46,-2.05,0,255,103.496,374.137931,275,364.137931,260,384.137931,260,,,
2006,8,380.41,-1.56,0,255,110.466,375,275,365,260,385,260,,,
2006,9,378.85,0.28,0,255,115.77,375.862069,275,365.862069,260,385.862069,260,,,
2006,10,379.13,1.02,0,255,114.818,376.7241379,275,366.7241379,260,386.7241379,260,,,
2006,11,380.15,1.67,0,255,111.35,377.5862069,275,367.5862069,260,387.5862069,260,,,
2006,12,381.82,1.07,0,255,105.672,378.4482759,275,368.4482759,260,388.4482759,260,,,
2007,1,382.89,1.01,0,255,102.034,379.3103448,275,369.3103448,260,389.3103448,260,,,
2007,2,383.9,0.68,0,255,98.6,380.1724138,275,370.1724138,260,390.1724138,260,,,
2007,3,384.58,1.92,0,255,96.288,381.0344828,275,371.0344828,260,391.0344828,260,,,
2007,4,386.5,0.06,0,255,89.76,381.8965517,275,371.8965517,260,391.8965517,260,,,
2007,5,386.56,-0.46,0,255,89.556,382.7586207,275,372.7586207,260,392.7586207,260,,,
2007,6,386.1,-1.6,0,255,91.12,383.6206897,275,373.6206897,260,393.6206897,260,,,
2007,7,384.5,-2.51,0,255,96.56,384.4827586,275,374.4827586,260,394.4827586,260,,,
2007,8,381.99,-1.03,0,255,105.094,385.3448276,275,375.3448276,260,395.3448276,260,,,
2007,9,380.96,0.16,0,255,108.596,386.2068966,275,376.2068966,260,396.2068966,260,,,
2007,10,381.12,1.33,0,255,108.052,387.0689655,275,377.0689655,260,397.0689655,260,,,
2007,11,382.45,1.5,0,255,103.53,387.9310345,275,377.9310345,260,397.9310345,260,,,
2007,12,383.95,1.57,0,255,98.43,388.7931034,275,378.7931034,260,398.7931034,260,,,
2008,1,385.52,0.3,0,255,93.092,389.6551724,275,379.6551724,260,399.6551724,260,,,
2008,2,385.82,0.21,0,255,92.072,390.5172414,275,380.5172414,260,400.5172414,260,,,
2008,3,386.03,1.18,0,255,91.358,391.3793103,275,381.3793103,260,401.3793103,260,,,
2008,4,387.21,1.33,0,255,87.346,392.2413793,275,382.2413793,260,402.2413793,260,,,
2008,5,388.54,-0.78,0,255,82.824,393.1034483,275,383.1034483,260,403.1034483,260,,,
2008,6,387.76,-1.4,0,255,85.476,393.9655172,275,383.9655172,260,403.9655172,260,,,
2008,7,386.36,-2.27,0,255,90.236,394.8275862,275,384.8275862,260,404.8275862,260,,,
2008,8,384.09,-0.91,0,255,97.954,395.6896552,275,385.6896552,260,405.6896552,260,,,
2008,9,383.18,-0.19,0,255,101.048,396.5517241,275,386.5517241,260,406.5517241,260,,,
2008,10,382.99,1.2,0,255,101.694,397.4137931,275,387.4137931,260,407.4137931,260,,,
2008,11,384.19,1.37,0,255,97.614,398.2758621,275,388.2758621,260,408.2758621,260,,,
2008,12,385.56,1.38,0,255,92.956,399.137931,275,389.137931,260,409.137931,260,,,
2009,1,386.94,0.54,0,255,88.264,400,275,390,260,410,260,,,
2009,2,387.48,1.34,0,255,86.428,400.862069,275,390.862069,260,410.862069,260,,,
2009,3,388.82,0.73,0,255,81.872,401.7241379,275,391.7241379,260,411.7241379,260,,,
2009,4,389.55,0.59,0,255,79.39,402.5862069,275,392.5862069,260,412.5862069,260,,,
2009,5,390.14,-0.66,0,255,77.384,403.4482759,275,393.4482759,260,413.4482759,260,,,
2009,6,389.48,-1.45,0,255,79.628,404.3103448,275,394.3103448,260,414.3103448,260,,,
2009,7,388.03,-1.92,0,255,84.558,405.1724138,275,395.1724138,260,415.1724138,260,,,
2009,8,386.11,-1.37,0,255,91.086,406.0344828,275,396.0344828,260,416.0344828,260,,,
2009,9,384.74,-0.31,0,255,95.744,406.8965517,275,396.8965517,260,416.8965517,260,,,
2009,10,384.43,1.59,0,255,96.798,407.7586207,275,397.7586207,260,417.7586207,260,,,
2009,11,386.02,1.4,0,255,91.392,408.6206897,275,398.6206897,260,418.6206897,260,,,
2009,12,387.42,1.29,0,255,86.632,409.4827586,275,399.4827586,260,419.4827586,260,,,
2010,1,388.71,1.49,0,255,82.246,410.3448276,275,400.3448276,260,420.3448276,260,,,
2010,2,390.2,0.97,0,255,77.18,411.2068966,275,401.2068966,260,421.2068966,260,,,
2010,3,391.17,1.29,0,255,73.882,412.0689655,275,402.0689655,260,422.0689655,260,,,
2010,4,392.46,0.54,0,255,69.496,412.9310345,275,402.9310345,260,422.9310345,260,,,
2010,5,393,-0.85,0,255,67.66,413.7931034,275,403.7931034,260,423.7931034,260,,,
2010,6,392.15,-1.95,0,255,70.55,414.6551724,275,404.6551724,260,424.6551724,260,,,
2010,7,390.2,-1.85,0,255,77.18,415.5172414,275,405.5172414,260,425.5172414,260,,,
2010,8,388.35,-1.5,0,255,83.47,416.3793103,275,406.3793103,260,426.3793103,260,,,
2010,9,386.85,0.39,0,255,88.57,417.2413793,275,407.2413793,260,427.2413793,260,,,
2010,10,387.24,1.43,0,255,87.244,418.1034483,275,408.1034483,260,428.1034483,260,,,
2010,11,388.67,1.12,0,255,82.382,418.9655172,275,408.9655172,260,428.9655172,260,,,
2010,12,389.79,1.54,0,255,78.574,419.8275862,275,409.8275862,260,429.8275862,260,,,
2011,1,391.33,0.53,0,255,73.338,420.6896552,275,410.6896552,260,430.6896552,260,,,
2011,2,391.86,0.74,0,255,71.536,421.5517241,275,411.5517241,260,431.5517241,260,,,
2011,3,392.6,0.65,0,255,69.02,422.4137931,275,412.4137931,260,432.4137931,260,,,
2011,4,393.25,0.94,0,255,66.81,423.2758621,275,413.2758621,260,433.2758621,260,,,
2011,5,394.19,-0.46,0,255,63.614,424.137931,275,414.137931,260,434.137931,260,,,
2011,6,393.73,-1.22,0,255,65.178,425,275,415,260,435,260,,,
2011,7,392.51,-2.38,0,255,69.326,425.862069,275,415.862069,260,435.862069,260,,,
2011,8,390.13,-1.05,0,255,77.418,426.7241379,275,416.7241379,260,436.7241379,260,,,
2011,9,389.08,-0.08,0,255,80.988,427.5862069,275,417.5862069,260,437.5862069,260,,,
2011,10,389,1.28,0,255,81.26,428.4482759,275,418.4482759,260,438.4482759,260,,,
2011,11,390.28,1.58,0,255,76.908,429.3103448,275,419.3103448,260,439.3103448,260,,,
2011,12,391.86,1.26,0,255,71.536,430.1724138,275,420.1724138,260,440.1724138,260,,,
2012,1,393.12,0.74,0,255,67.252,431.0344828,275,421.0344828,260,441.0344828,260,,,
2012,2,393.86,0.54,0,255,64.736,431.8965517,275,421.8965517,260,441.8965517,260,,,
2012,3,394.4,1.78,0,255,62.9,432.7586207,275,422.7586207,260,442.7586207,260,,,
2012,4,396.18,0.56,0,255,56.848,433.6206897,275,423.6206897,260,443.6206897,260,,,
2012,5,396.74,-1.03,0,255,54.944,434.4827586,275,424.4827586,260,444.4827586,260,,,
2012,6,395.71,-1.35,0,255,58.446,435.3448276,275,425.3448276,260,445.3448276,260,,,
2012,7,394.36,-1.97,0,255,63.036,436.2068966,275,426.2068966,260,446.2068966,260,,,
2012,8,392.39,-1.28,0,255,69.734,437.0689655,275,427.0689655,260,447.0689655,260,,,
2012,9,391.11,-0.06,0,255,74.086,437.9310345,275,427.9310345,260,447.9310345,260,,,
2012,10,391.05,1.93,0,255,74.29,438.7931034,275,428.7931034,260,448.7931034,260,,,
2012,11,392.98,1.36,0,255,67.728,439.6551724,275,429.6551724,260,449.6551724,260,,,
2012,12,394.34,1.21,0,255,63.104,440.5172414,275,430.5172414,260,450.5172414,260,,,
2013,1,395.55,1.25,0,255,58.99,441.3793103,275,431.3793103,260,451.3793103,260,,,
2013,2,396.8,0.63,0,255,54.74,442.2413793,275,432.2413793,260,452.2413793,260,,,
2013,3,397.43,0.98,0,255,52.598,443.1034483,275,433.1034483,260,453.1034483,260,,,
2013,4,398.41,1.37,0,255,49.266,443.9655172,275,433.9655172,260,453.9655172,260,,,
2013,5,399.78,-1.17,0,255,44.608,444.8275862,275,434.8275862,260,454.8275862,260,,,
2013,6,398.61,-1.29,0,255,48.586,445.6896552,275,435.6896552,260,455.6896552,260,,,
2013,7,397.32,-2.12,0,255,52.972,446.5517241,275,436.5517241,260,456.5517241,260,,,
2013,8,395.2,-1.75,0,255,60.18,447.4137931,275,437.4137931,260,457.4137931,260,,,
2013,9,393.45,0.25,0,255,66.13,448.2758621,275,438.2758621,260,458.2758621,260,,,
2013,10,393.7,1.46,0,255,65.28,449.137931,275,439.137931,260,459.137931,260,,,
2013,11,395.16,1.68,0,255,60.316,450,275,440,260,460,260,,,
2013,12,396.84,1.01,0,255,54.604,450.862069,275,440.862069,260,460.862069,260,,,
2014,1,397.85,0.16,0,255,51.17,451.7241379,275,441.7241379,260,461.7241379,260,,,
2014,2,398.01,1.76,0,255,50.626,452.5862069,275,442.5862069,260,462.5862069,260,,,
2014,3,399.77,1.61,0,255,44.642,453.4482759,275,443.4482759,260,463.4482759,260,,,
2014,4,401.38,0.4,0,255,39.168,454.3103448,275,444.3103448,260,464.3103448,260,,,
2014,5,401.78,-0.53,0,255,37.808,455.1724138,275,445.1724138,260,465.1724138,260,,,
2014,6,401.25,-2.15,0,255,39.61,456.0344828,275,446.0344828,260,466.0344828,260,,,
2014,7,399.1,-2.07,0,255,46.92,456.8965517,275,446.8965517,260,466.8965517,260,,,
2014,8,397.03,-1.65,0,255,53.958,457.7586207,275,447.7586207,260,467.7586207,260,,,
2014,9,395.38,0.65,0,255,59.568,458.6206897,275,448.6206897,260,468.6206897,260,,,
2014,10,396.03,1.25,0,255,57.358,459.4827586,275,449.4827586,260,469.4827586,260,,,
2014,11,397.28,1.63,0,255,53.108,460.3448276,275,450.3448276,260,470.3448276,260,,,
2014,12,398.91,1.07,0,255,47.566,461.2068966,275,451.2068966,260,471.2068966,260,,,
2015,1,399.98,0.3,0,255,43.928,462.0689655,275,452.0689655,260,472.0689655,260,,,
2015,2,400.28,1.26,0,255,42.908,462.9310345,275,452.9310345,260,472.9310345,260,,,
2015,3,401.54,1.74,0,255,38.624,463.7931034,275,453.7931034,260,473.7931034,260,,,
2015,4,403.28,0.68,0,255,32.708,464.6551724,275,454.6551724,260,474.6551724,260,,,
2015,5,403.96,-1.16,0,255,30.396,465.5172414,275,455.5172414,260,475.5172414,260,,,
2015,6,402.8,-1.49,0,255,34.34,466.3793103,275,456.3793103,260,476.3793103,260,,,
2015,7,401.31,-2.38,0,255,39.406,467.2413793,275,457.2413793,260,477.2413793,260,,,
2015,8,398.93,-1.3,0,255,47.498,468.1034483,275,458.1034483,260,478.1034483,260,,,
2015,9,397.63,0.66,0,255,51.918,468.9655172,275,458.9655172,260,478.9655172,260,,,
2015,10,398.29,1.87,0,255,49.674,469.8275862,275,459.8275862,260,479.8275862,260,,,
2015,11,400.16,1.69,0,255,43.316,470.6896552,275,460.6896552,260,480.6896552,260,,,
2015,12,401.85,0.67,0,255,37.57,471.5517241,275,461.5517241,260,481.5517241,260,,,
2016,1,402.52,1.52,0,255,35.292,472.4137931,275,462.4137931,260,482.4137931,260,,,
2016,2,404.04,0.79,0,255,30.124,473.2758621,275,463.2758621,260,483.2758621,260,,,
2016,3,404.83,2.59,0,255,27.438,474.137931,275,464.137931,260,484.137931,260,,,
2016,4,407.42,0.28,0,255,18.632,475,275,465,260,485,260,,,
2016,5,407.7,-0.89,0,255,17.68,475.862069,275,465.862069,260,485.862069,260,,,
2016,6,406.81,-2.42,0,255,20.706,476.7241379,275,466.7241379,260,486.7241379,260,,,
2016,7,404.39,-2.14,0,255,28.934,477.5862069,275,467.5862069,260,487.5862069,260,,,
2016,8,402.25,-1.22,0,255,36.21,478.4482759,275,468.4482759,260,488.4482759,260,,,
2016,9,401.03,0.54,0,255,40.358,479.3103448,275,469.3103448,260,489.3103448,260,,,
2016,10,401.57,1.96,0,255,38.522,480.1724138,275,470.1724138,260,490.1724138,260,,,
2016,11,403.53,0.89,0,255,31.858,481.0344828,275,471.0344828,260,491.0344828,260,,,
2016,12,404.42,1.71,0,255,28.832,481.8965517,275,471.8965517,260,491.8965517,260,,,
2017,1,406.13,0.29,0,255,23.018,482.7586207,275,472.7586207,260,492.7586207,260,,,
2017,2,406.42,0.76,0,255,22.032,483.6206897,275,473.6206897,260,493.6206897,260,,,
2017,3,407.18,1.82,0,255,19.448,484.4827586,275,474.4827586,260,494.4827586,260,,,
2017,4,409,0.65,0,255,13.26,485.3448276,275,475.3448276,260,495.3448276,260,,,
2017,5,409.65,-0.81,0,255,11.05,486.2068966,275,476.2068966,260,496.2068966,260,,,
2017,6,408.84,-1.77,0,255,13.804,487.0689655,275,477.0689655,260,497.0689655,260,,,
2017,7,407.07,-2,0,255,19.822,487.9310345,275,477.9310345,260,497.9310345,260,,,
2017,8,405.07,-1.69,0,255,26.622,488.7931034,275,478.7931034,260,498.7931034,260,,,
2017,9,403.38,0.26,0,255,32.368,489.6551724,275,479.6551724,260,499.6551724,260,,,
2017,10,403.64,1.5,0,255,31.484,490.5172414,275,480.5172414,260,500.5172414,260,,,
2017,11,405.14,1.68,0,255,26.384,491.3793103,275,481.3793103,260,501.3793103,260,,,
2017,12,406.82,1.16,0,255,20.672,492.2413793,275,482.2413793,260,502.2413793,260,,,
2018,1,407.98,0.37,0,255,16.728,493.1034483,275,483.1034483,260,503.1034483,260,,,
2018,2,408.35,1.11,0,255,15.47,493.9655172,275,483.9655172,260,503.9655172,260,,,
2018,3,409.46,0.8,0,255,11.696,494.8275862,275,484.8275862,260,504.8275862,260,,,
2018,4,410.26,0.98,0,255,8.976,495.6896552,275,485.6896552,260,505.6896552,260,,,
2018,5,411.24,-0.45,0,255,5.644,496.5517241,275,486.5517241,260,506.5517241,260,,,
2018,6,410.79,-2.08,0,255,7.174,497.4137931,275,487.4137931,260,507.4137931,260,,,
2018,7,408.71,-1.72,0,255,14.246,498.2758621,275,488.2758621,260,508.2758621,260,,,
2018,8,406.99,0,0,255,20.094,499.137931,275,489.137931,260,509.137931,260,,,
